,video_name,tag
0,D:/Desk/React + Flask/Real Life Violence Dataset/train/Non Violence/NV-1.mp4,Non Violence
1,D:/Desk/React + Flask/Real Life Violence Dataset/train/Non Violence/NV-10.mp4,Non Violence
2,D:/Desk/React + Flask/Real Life Violence Dataset/train/Non Violence/NV-2.mp4,Non Violence
3,D:/Desk/React + Flask/Real Life Violence Dataset/train/Non Violence/NV-3.mp4,Non Violence
4,D:/Desk/React + Flask/Real Life Violence Dataset/train/Non Violence/NV-4.mp4,Non Violence
5,D:/Desk/React + Flask/Real Life Violence Dataset/train/Non Violence/NV-5.mp4,Non Violence
6,D:/Desk/React + Flask/Real Life Violence Dataset/train/Non Violence/NV-6.mp4,Non Violence
7,D:/Desk/React + Flask/Real Life Violence Dataset/train/Non Violence/NV-7.mp4,Non Violence
8,D:/Desk/React + Flask/Real Life Violence Dataset/train/Non Violence/NV-8.mp4,Non Violence
9,D:/Desk/React + Flask/Real Life Violence Dataset/train/Non Violence/NV-9.mp4,Non Violence
10,D:/Desk/React + Flask/Real Life Violence Dataset/train/Non Violence/NV_1.mp4,Non Violence
11,D:/Desk/React + Flask/Real Life Violence Dataset/train/Non Violence/NV_10.mp4,Non Violence
12,D:/Desk/React + Flask/Real Life Violence Dataset/train/Non Violence/NV_100.mp4,Non Violence
13,D:/Desk/React + Flask/Real Life Violence Dataset/train/Non Violence/NV_101.mp4,Non Violence
14,D:/Desk/React + Flask/Real Life Violence Dataset/train/Non Violence/NV_102.mp4,Non Violence
15,D:/Desk/React + Flask/Real Life Violence Dataset/train/Non Violence/NV_103.mp4,Non Violence
16,D:/Desk/React + Flask/Real Life Violence Dataset/train/Non Violence/NV_104.mp4,Non Violence
17,D:/Desk/React + Flask/Real Life Violence Dataset/train/Non Violence/NV_105.mp4,Non Violence
18,D:/Desk/React + Flask/Real Life Violence Dataset/train/Non Violence/NV_106.mp4,Non Violence
19,D:/Desk/React + Flask/Real Life Violence Dataset/train/Non Violence/NV_107.mp4,Non Violence
20,D:/Desk/React + Flask/Real Life Violence Dataset/train/Non Violence/NV_108.mp4,Non Violence
21,D:/Desk/React + Flask/Real Life Violence Dataset/train/Non Violence/NV_109.mp4,Non Violence
22,D:/Desk/React + Flask/Real Life Violence Dataset/train/Non Violence/NV_11.mp4,Non Violence
23,D:/Desk/React + Flask/Real Life Violence Dataset/train/Non Violence/NV_110.mp4,Non Violence
24,D:/Desk/React + Flask/Real Life Violence Dataset/train/Non Violence/NV_111.mp4,Non Violence
25,D:/Desk/React + Flask/Real Life Violence Dataset/train/Non Violence/NV_112.mp4,Non Violence
26,D:/Desk/React + Flask/Real Life Violence Dataset/train/Non Violence/NV_113.mp4,Non Violence
27,D:/Desk/React + Flask/Real Life Violence Dataset/train/Non Violence/NV_114.mp4,Non Violence
28,D:/Desk/React + Flask/Real Life Violence Dataset/train/Non Violence/NV_115.mp4,Non Violence
29,D:/Desk/React + Flask/Real Life Violence Dataset/train/Non Violence/NV_116.mp4,Non Violence
30,D:/Desk/React + Flask/Real Life Violence Dataset/train/Non Violence/NV_117.mp4,Non Violence
31,D:/Desk/React + Flask/Real Life Violence Dataset/train/Non Violence/NV_118.mp4,Non Violence
32,D:/Desk/React + Flask/Real Life Violence Dataset/train/Non Violence/NV_119.mp4,Non Violence
33,D:/Desk/React + Flask/Real Life Violence Dataset/train/Non Violence/NV_12.mp4,Non Violence
34,D:/Desk/React + Flask/Real Life Violence Dataset/train/Non Violence/NV_120.mp4,Non Violence
35,D:/Desk/React + Flask/Real Life Violence Dataset/train/Non Violence/NV_121.mp4,Non Violence
36,D:/Desk/React + Flask/Real Life Violence Dataset/train/Non Violence/NV_122.mp4,Non Violence
37,D:/Desk/React + Flask/Real Life Violence Dataset/train/Non Violence/NV_123.mp4,Non Violence
38,D:/Desk/React + Flask/Real Life Violence Dataset/train/Non Violence/NV_124.mp4,Non Violence
39,D:/Desk/React + Flask/Real Life Violence Dataset/train/Non Violence/NV_125.mp4,Non Violence
40,D:/Desk/React + Flask/Real Life Violence Dataset/train/Non Violence/NV_126.mp4,Non Violence
41,D:/Desk/React + Flask/Real Life Violence Dataset/train/Non Violence/NV_127.mp4,Non Violence
42,D:/Desk/React + Flask/Real Life Violence Dataset/train/Non Violence/NV_128.mp4,Non Violence
43,D:/Desk/React + Flask/Real Life Violence Dataset/train/Non Violence/NV_129.mp4,Non Violence
44,D:/Desk/React + Flask/Real Life Violence Dataset/train/Non Violence/NV_13.mp4,Non Violence
45,D:/Desk/React + Flask/Real Life Violence Dataset/train/Non Violence/NV_130.mp4,Non Violence
46,D:/Desk/React + Flask/Real Life Violence Dataset/train/Non Violence/NV_131.mp4,Non Violence
47,D:/Desk/React + Flask/Real Life Violence Dataset/train/Non Violence/NV_132.mp4,Non Violence
48,D:/Desk/React + Flask/Real Life Violence Dataset/train/Non Violence/NV_133.mp4,Non Violence
49,D:/Desk/React + Flask/Real Life Violence Dataset/train/Non Violence/NV_134.mp4,Non Violence
50,D:/Desk/React + Flask/Real Life Violence Dataset/train/Non Violence/NV_135.mp4,Non Violence
51,D:/Desk/React + Flask/Real Life Violence Dataset/train/Non Violence/NV_136.mp4,Non Violence
52,D:/Desk/React + Flask/Real Life Violence Dataset/train/Non Violence/NV_137.mp4,Non Violence
53,D:/Desk/React + Flask/Real Life Violence Dataset/train/Non Violence/NV_138.mp4,Non Violence
54,D:/Desk/React + Flask/Real Life Violence Dataset/train/Non Violence/NV_139.mp4,Non Violence
55,D:/Desk/React + Flask/Real Life Violence Dataset/train/Non Violence/NV_14.mp4,Non Violence
56,D:/Desk/React + Flask/Real Life Violence Dataset/train/Non Violence/NV_140.mp4,Non Violence
57,D:/Desk/React + Flask/Real Life Violence Dataset/train/Non Violence/NV_141.mp4,Non Violence
58,D:/Desk/React + Flask/Real Life Violence Dataset/train/Non Violence/NV_142.mp4,Non Violence
59,D:/Desk/React + Flask/Real Life Violence Dataset/train/Non Violence/NV_143.mp4,Non Violence
60,D:/Desk/React + Flask/Real Life Violence Dataset/train/Non Violence/NV_144.mp4,Non Violence
61,D:/Desk/React + Flask/Real Life Violence Dataset/train/Non Violence/NV_145.mp4,Non Violence
62,D:/Desk/React + Flask/Real Life Violence Dataset/train/Non Violence/NV_146.mp4,Non Violence
63,D:/Desk/React + Flask/Real Life Violence Dataset/train/Non Violence/NV_147.mp4,Non Violence
64,D:/Desk/React + Flask/Real Life Violence Dataset/train/Non Violence/NV_148.mp4,Non Violence
65,D:/Desk/React + Flask/Real Life Violence Dataset/train/Non Violence/NV_149.mp4,Non Violence
66,D:/Desk/React + Flask/Real Life Violence Dataset/train/Non Violence/NV_15.mp4,Non Violence
67,D:/Desk/React + Flask/Real Life Violence Dataset/train/Non Violence/NV_150.mp4,Non Violence
68,D:/Desk/React + Flask/Real Life Violence Dataset/train/Non Violence/NV_151.mp4,Non Violence
69,D:/Desk/React + Flask/Real Life Violence Dataset/train/Non Violence/NV_152.mp4,Non Violence
70,D:/Desk/React + Flask/Real Life Violence Dataset/train/Non Violence/NV_153.mp4,Non Violence
71,D:/Desk/React + Flask/Real Life Violence Dataset/train/Non Violence/NV_154.mp4,Non Violence
72,D:/Desk/React + Flask/Real Life Violence Dataset/train/Non Violence/NV_155.mp4,Non Violence
73,D:/Desk/React + Flask/Real Life Violence Dataset/train/Non Violence/NV_156.mp4,Non Violence
74,D:/Desk/React + Flask/Real Life Violence Dataset/train/Non Violence/NV_157.mp4,Non Violence
75,D:/Desk/React + Flask/Real Life Violence Dataset/train/Non Violence/NV_158.mp4,Non Violence
76,D:/Desk/React + Flask/Real Life Violence Dataset/train/Non Violence/NV_159.mp4,Non Violence
77,D:/Desk/React + Flask/Real Life Violence Dataset/train/Non Violence/NV_16.mp4,Non Violence
78,D:/Desk/React + Flask/Real Life Violence Dataset/train/Non Violence/NV_160.mp4,Non Violence
79,D:/Desk/React + Flask/Real Life Violence Dataset/train/Non Violence/NV_161.mp4,Non Violence
80,D:/Desk/React + Flask/Real Life Violence Dataset/train/Non Violence/NV_162.mp4,Non Violence
81,D:/Desk/React + Flask/Real Life Violence Dataset/train/Non Violence/NV_163.mp4,Non Violence
82,D:/Desk/React + Flask/Real Life Violence Dataset/train/Non Violence/NV_164.mp4,Non Violence
83,D:/Desk/React + Flask/Real Life Violence Dataset/train/Non Violence/NV_165.mp4,Non Violence
84,D:/Desk/React + Flask/Real Life Violence Dataset/train/Non Violence/NV_166.mp4,Non Violence
85,D:/Desk/React + Flask/Real Life Violence Dataset/train/Non Violence/NV_167.mp4,Non Violence
86,D:/Desk/React + Flask/Real Life Violence Dataset/train/Non Violence/NV_168.mp4,Non Violence
87,D:/Desk/React + Flask/Real Life Violence Dataset/train/Non Violence/NV_169.mp4,Non Violence
88,D:/Desk/React + Flask/Real Life Violence Dataset/train/Non Violence/NV_17.mp4,Non Violence
89,D:/Desk/React + Flask/Real Life Violence Dataset/train/Non Violence/NV_170.mp4,Non Violence
90,D:/Desk/React + Flask/Real Life Violence Dataset/train/Non Violence/NV_171.mp4,Non Violence
91,D:/Desk/React + Flask/Real Life Violence Dataset/train/Non Violence/NV_172.mp4,Non Violence
92,D:/Desk/React + Flask/Real Life Violence Dataset/train/Non Violence/NV_173.mp4,Non Violence
93,D:/Desk/React + Flask/Real Life Violence Dataset/train/Non Violence/NV_174.mp4,Non Violence
94,D:/Desk/React + Flask/Real Life Violence Dataset/train/Non Violence/NV_175.mp4,Non Violence
95,D:/Desk/React + Flask/Real Life Violence Dataset/train/Non Violence/NV_176.mp4,Non Violence
96,D:/Desk/React + Flask/Real Life Violence Dataset/train/Non Violence/NV_177.mp4,Non Violence
97,D:/Desk/React + Flask/Real Life Violence Dataset/train/Non Violence/NV_178.mp4,Non Violence
98,D:/Desk/React + Flask/Real Life Violence Dataset/train/Non Violence/NV_179.mp4,Non Violence
99,D:/Desk/React + Flask/Real Life Violence Dataset/train/Non Violence/NV_18.mp4,Non Violence
100,D:/Desk/React + Flask/Real Life Violence Dataset/train/Non Violence/NV_180.mp4,Non Violence
101,D:/Desk/React + Flask/Real Life Violence Dataset/train/Non Violence/NV_181.mp4,Non Violence
102,D:/Desk/React + Flask/Real Life Violence Dataset/train/Non Violence/NV_182.mp4,Non Violence
103,D:/Desk/React + Flask/Real Life Violence Dataset/train/Non Violence/NV_183.mp4,Non Violence
104,D:/Desk/React + Flask/Real Life Violence Dataset/train/Non Violence/NV_184.mp4,Non Violence
105,D:/Desk/React + Flask/Real Life Violence Dataset/train/Non Violence/NV_185.mp4,Non Violence
106,D:/Desk/React + Flask/Real Life Violence Dataset/train/Non Violence/NV_186.mp4,Non Violence
107,D:/Desk/React + Flask/Real Life Violence Dataset/train/Non Violence/NV_187.mp4,Non Violence
108,D:/Desk/React + Flask/Real Life Violence Dataset/train/Non Violence/NV_188.mp4,Non Violence
109,D:/Desk/React + Flask/Real Life Violence Dataset/train/Non Violence/NV_189.mp4,Non Violence
110,D:/Desk/React + Flask/Real Life Violence Dataset/train/Non Violence/NV_19.mp4,Non Violence
111,D:/Desk/React + Flask/Real Life Violence Dataset/train/Non Violence/NV_190.mp4,Non Violence
112,D:/Desk/React + Flask/Real Life Violence Dataset/train/Non Violence/NV_191.mp4,Non Violence
113,D:/Desk/React + Flask/Real Life Violence Dataset/train/Non Violence/NV_192.mp4,Non Violence
114,D:/Desk/React + Flask/Real Life Violence Dataset/train/Non Violence/NV_193.mp4,Non Violence
115,D:/Desk/React + Flask/Real Life Violence Dataset/train/Non Violence/NV_194.mp4,Non Violence
116,D:/Desk/React + Flask/Real Life Violence Dataset/train/Non Violence/NV_195.mp4,Non Violence
117,D:/Desk/React + Flask/Real Life Violence Dataset/train/Non Violence/NV_196.mp4,Non Violence
118,D:/Desk/React + Flask/Real Life Violence Dataset/train/Non Violence/NV_197.mp4,Non Violence
119,D:/Desk/React + Flask/Real Life Violence Dataset/train/Non Violence/NV_198.mp4,Non Violence
120,D:/Desk/React + Flask/Real Life Violence Dataset/train/Non Violence/NV_199.mp4,Non Violence
121,D:/Desk/React + Flask/Real Life Violence Dataset/train/Non Violence/NV_2.mp4,Non Violence
122,D:/Desk/React + Flask/Real Life Violence Dataset/train/Non Violence/NV_20.mp4,Non Violence
123,D:/Desk/React + Flask/Real Life Violence Dataset/train/Non Violence/NV_200.mp4,Non Violence
124,D:/Desk/React + Flask/Real Life Violence Dataset/train/Non Violence/NV_201.mp4,Non Violence
125,D:/Desk/React + Flask/Real Life Violence Dataset/train/Non Violence/NV_202.mp4,Non Violence
126,D:/Desk/React + Flask/Real Life Violence Dataset/train/Non Violence/NV_203.mp4,Non Violence
127,D:/Desk/React + Flask/Real Life Violence Dataset/train/Non Violence/NV_204.mp4,Non Violence
128,D:/Desk/React + Flask/Real Life Violence Dataset/train/Non Violence/NV_205.mp4,Non Violence
129,D:/Desk/React + Flask/Real Life Violence Dataset/train/Non Violence/NV_206.mp4,Non Violence
130,D:/Desk/React + Flask/Real Life Violence Dataset/train/Non Violence/NV_207.mp4,Non Violence
131,D:/Desk/React + Flask/Real Life Violence Dataset/train/Non Violence/NV_208.mp4,Non Violence
132,D:/Desk/React + Flask/Real Life Violence Dataset/train/Non Violence/NV_209.mp4,Non Violence
133,D:/Desk/React + Flask/Real Life Violence Dataset/train/Non Violence/NV_21.mp4,Non Violence
134,D:/Desk/React + Flask/Real Life Violence Dataset/train/Non Violence/NV_210.mp4,Non Violence
135,D:/Desk/React + Flask/Real Life Violence Dataset/train/Non Violence/NV_211.mp4,Non Violence
136,D:/Desk/React + Flask/Real Life Violence Dataset/train/Non Violence/NV_212.mp4,Non Violence
137,D:/Desk/React + Flask/Real Life Violence Dataset/train/Non Violence/NV_213.mp4,Non Violence
138,D:/Desk/React + Flask/Real Life Violence Dataset/train/Non Violence/NV_214.mp4,Non Violence
139,D:/Desk/React + Flask/Real Life Violence Dataset/train/Non Violence/NV_215.mp4,Non Violence
140,D:/Desk/React + Flask/Real Life Violence Dataset/train/Non Violence/NV_216.mp4,Non Violence
141,D:/Desk/React + Flask/Real Life Violence Dataset/train/Non Violence/NV_217.mp4,Non Violence
142,D:/Desk/React + Flask/Real Life Violence Dataset/train/Non Violence/NV_218.mp4,Non Violence
143,D:/Desk/React + Flask/Real Life Violence Dataset/train/Non Violence/NV_219.mp4,Non Violence
144,D:/Desk/React + Flask/Real Life Violence Dataset/train/Non Violence/NV_22.mp4,Non Violence
145,D:/Desk/React + Flask/Real Life Violence Dataset/train/Non Violence/NV_220.mp4,Non Violence
146,D:/Desk/React + Flask/Real Life Violence Dataset/train/Non Violence/NV_221.mp4,Non Violence
147,D:/Desk/React + Flask/Real Life Violence Dataset/train/Non Violence/NV_222.mp4,Non Violence
148,D:/Desk/React + Flask/Real Life Violence Dataset/train/Non Violence/NV_223.mp4,Non Violence
149,D:/Desk/React + Flask/Real Life Violence Dataset/train/Non Violence/NV_224.mp4,Non Violence
150,D:/Desk/React + Flask/Real Life Violence Dataset/train/Non Violence/NV_225.mp4,Non Violence
151,D:/Desk/React + Flask/Real Life Violence Dataset/train/Non Violence/NV_226.mp4,Non Violence
152,D:/Desk/React + Flask/Real Life Violence Dataset/train/Non Violence/NV_227.mp4,Non Violence
153,D:/Desk/React + Flask/Real Life Violence Dataset/train/Non Violence/NV_228.mp4,Non Violence
154,D:/Desk/React + Flask/Real Life Violence Dataset/train/Non Violence/NV_229.mp4,Non Violence
155,D:/Desk/React + Flask/Real Life Violence Dataset/train/Non Violence/NV_23.mp4,Non Violence
156,D:/Desk/React + Flask/Real Life Violence Dataset/train/Non Violence/NV_230.mp4,Non Violence
157,D:/Desk/React + Flask/Real Life Violence Dataset/train/Non Violence/NV_231.mp4,Non Violence
158,D:/Desk/React + Flask/Real Life Violence Dataset/train/Non Violence/NV_232.mp4,Non Violence
159,D:/Desk/React + Flask/Real Life Violence Dataset/train/Non Violence/NV_233.mp4,Non Violence
160,D:/Desk/React + Flask/Real Life Violence Dataset/train/Non Violence/NV_234.mp4,Non Violence
161,D:/Desk/React + Flask/Real Life Violence Dataset/train/Non Violence/NV_235.mp4,Non Violence
162,D:/Desk/React + Flask/Real Life Violence Dataset/train/Non Violence/NV_236.mp4,Non Violence
163,D:/Desk/React + Flask/Real Life Violence Dataset/train/Non Violence/NV_237.mp4,Non Violence
164,D:/Desk/React + Flask/Real Life Violence Dataset/train/Non Violence/NV_238.mp4,Non Violence
165,D:/Desk/React + Flask/Real Life Violence Dataset/train/Non Violence/NV_239.mp4,Non Violence
166,D:/Desk/React + Flask/Real Life Violence Dataset/train/Non Violence/NV_24.mp4,Non Violence
167,D:/Desk/React + Flask/Real Life Violence Dataset/train/Non Violence/NV_240.mp4,Non Violence
168,D:/Desk/React + Flask/Real Life Violence Dataset/train/Non Violence/NV_241.mp4,Non Violence
169,D:/Desk/React + Flask/Real Life Violence Dataset/train/Non Violence/NV_242.mp4,Non Violence
170,D:/Desk/React + Flask/Real Life Violence Dataset/train/Non Violence/NV_243.mp4,Non Violence
171,D:/Desk/React + Flask/Real Life Violence Dataset/train/Non Violence/NV_244.mp4,Non Violence
172,D:/Desk/React + Flask/Real Life Violence Dataset/train/Non Violence/NV_245.mp4,Non Violence
173,D:/Desk/React + Flask/Real Life Violence Dataset/train/Non Violence/NV_246.mp4,Non Violence
174,D:/Desk/React + Flask/Real Life Violence Dataset/train/Non Violence/NV_247.mp4,Non Violence
175,D:/Desk/React + Flask/Real Life Violence Dataset/train/Non Violence/NV_248.mp4,Non Violence
176,D:/Desk/React + Flask/Real Life Violence Dataset/train/Non Violence/NV_249.mp4,Non Violence
177,D:/Desk/React + Flask/Real Life Violence Dataset/train/Non Violence/NV_25.mp4,Non Violence
178,D:/Desk/React + Flask/Real Life Violence Dataset/train/Non Violence/NV_250.mp4,Non Violence
179,D:/Desk/React + Flask/Real Life Violence Dataset/train/Non Violence/NV_251.mp4,Non Violence
180,D:/Desk/React + Flask/Real Life Violence Dataset/train/Non Violence/NV_252.mp4,Non Violence
181,D:/Desk/React + Flask/Real Life Violence Dataset/train/Non Violence/NV_253.mp4,Non Violence
182,D:/Desk/React + Flask/Real Life Violence Dataset/train/Non Violence/NV_254.mp4,Non Violence
183,D:/Desk/React + Flask/Real Life Violence Dataset/train/Non Violence/NV_255.mp4,Non Violence
184,D:/Desk/React + Flask/Real Life Violence Dataset/train/Non Violence/NV_256.mp4,Non Violence
185,D:/Desk/React + Flask/Real Life Violence Dataset/train/Non Violence/NV_257.mp4,Non Violence
186,D:/Desk/React + Flask/Real Life Violence Dataset/train/Non Violence/NV_258.mp4,Non Violence
187,D:/Desk/React + Flask/Real Life Violence Dataset/train/Non Violence/NV_259.mp4,Non Violence
188,D:/Desk/React + Flask/Real Life Violence Dataset/train/Non Violence/NV_26.mp4,Non Violence
189,D:/Desk/React + Flask/Real Life Violence Dataset/train/Non Violence/NV_260.mp4,Non Violence
190,D:/Desk/React + Flask/Real Life Violence Dataset/train/Non Violence/NV_261.mp4,Non Violence
191,D:/Desk/React + Flask/Real Life Violence Dataset/train/Non Violence/NV_262.mp4,Non Violence
192,D:/Desk/React + Flask/Real Life Violence Dataset/train/Non Violence/NV_263.mp4,Non Violence
193,D:/Desk/React + Flask/Real Life Violence Dataset/train/Non Violence/NV_264.mp4,Non Violence
194,D:/Desk/React + Flask/Real Life Violence Dataset/train/Non Violence/NV_265.mp4,Non Violence
195,D:/Desk/React + Flask/Real Life Violence Dataset/train/Non Violence/NV_266.mp4,Non Violence
196,D:/Desk/React + Flask/Real Life Violence Dataset/train/Non Violence/NV_267.mp4,Non Violence
197,D:/Desk/React + Flask/Real Life Violence Dataset/train/Non Violence/NV_268.mp4,Non Violence
198,D:/Desk/React + Flask/Real Life Violence Dataset/train/Non Violence/NV_269.mp4,Non Violence
199,D:/Desk/React + Flask/Real Life Violence Dataset/train/Non Violence/NV_27.mp4,Non Violence
200,D:/Desk/React + Flask/Real Life Violence Dataset/train/Non Violence/NV_270.mp4,Non Violence
201,D:/Desk/React + Flask/Real Life Violence Dataset/train/Non Violence/NV_271.mp4,Non Violence
202,D:/Desk/React + Flask/Real Life Violence Dataset/train/Non Violence/NV_272.mp4,Non Violence
203,D:/Desk/React + Flask/Real Life Violence Dataset/train/Non Violence/NV_273.mp4,Non Violence
204,D:/Desk/React + Flask/Real Life Violence Dataset/train/Non Violence/NV_274.mp4,Non Violence
205,D:/Desk/React + Flask/Real Life Violence Dataset/train/Non Violence/NV_275.mp4,Non Violence
206,D:/Desk/React + Flask/Real Life Violence Dataset/train/Non Violence/NV_276.mp4,Non Violence
207,D:/Desk/React + Flask/Real Life Violence Dataset/train/Non Violence/NV_277.mp4,Non Violence
208,D:/Desk/React + Flask/Real Life Violence Dataset/train/Non Violence/NV_278.mp4,Non Violence
209,D:/Desk/React + Flask/Real Life Violence Dataset/train/Non Violence/NV_279.mp4,Non Violence
210,D:/Desk/React + Flask/Real Life Violence Dataset/train/Non Violence/NV_28.mp4,Non Violence
211,D:/Desk/React + Flask/Real Life Violence Dataset/train/Non Violence/NV_280.mp4,Non Violence
212,D:/Desk/React + Flask/Real Life Violence Dataset/train/Non Violence/NV_281.mp4,Non Violence
213,D:/Desk/React + Flask/Real Life Violence Dataset/train/Non Violence/NV_282.mp4,Non Violence
214,D:/Desk/React + Flask/Real Life Violence Dataset/train/Non Violence/NV_283.mp4,Non Violence
215,D:/Desk/React + Flask/Real Life Violence Dataset/train/Non Violence/NV_284.mp4,Non Violence
216,D:/Desk/React + Flask/Real Life Violence Dataset/train/Non Violence/NV_285.mp4,Non Violence
217,D:/Desk/React + Flask/Real Life Violence Dataset/train/Non Violence/NV_286.mp4,Non Violence
218,D:/Desk/React + Flask/Real Life Violence Dataset/train/Non Violence/NV_287.mp4,Non Violence
219,D:/Desk/React + Flask/Real Life Violence Dataset/train/Non Violence/NV_288.mp4,Non Violence
220,D:/Desk/React + Flask/Real Life Violence Dataset/train/Non Violence/NV_289.mp4,Non Violence
221,D:/Desk/React + Flask/Real Life Violence Dataset/train/Non Violence/NV_29.mp4,Non Violence
222,D:/Desk/React + Flask/Real Life Violence Dataset/train/Non Violence/NV_290.mp4,Non Violence
223,D:/Desk/React + Flask/Real Life Violence Dataset/train/Non Violence/NV_291.mp4,Non Violence
224,D:/Desk/React + Flask/Real Life Violence Dataset/train/Non Violence/NV_292.mp4,Non Violence
225,D:/Desk/React + Flask/Real Life Violence Dataset/train/Non Violence/NV_293.mp4,Non Violence
226,D:/Desk/React + Flask/Real Life Violence Dataset/train/Non Violence/NV_294.mp4,Non Violence
227,D:/Desk/React + Flask/Real Life Violence Dataset/train/Non Violence/NV_295.mp4,Non Violence
228,D:/Desk/React + Flask/Real Life Violence Dataset/train/Non Violence/NV_296.mp4,Non Violence
229,D:/Desk/React + Flask/Real Life Violence Dataset/train/Non Violence/NV_297.mp4,Non Violence
230,D:/Desk/React + Flask/Real Life Violence Dataset/train/Non Violence/NV_298.mp4,Non Violence
231,D:/Desk/React + Flask/Real Life Violence Dataset/train/Non Violence/NV_299.mp4,Non Violence
232,D:/Desk/React + Flask/Real Life Violence Dataset/train/Non Violence/NV_3.mp4,Non Violence
233,D:/Desk/React + Flask/Real Life Violence Dataset/train/Non Violence/NV_30.mp4,Non Violence
234,D:/Desk/React + Flask/Real Life Violence Dataset/train/Non Violence/NV_300.mp4,Non Violence
235,D:/Desk/React + Flask/Real Life Violence Dataset/train/Non Violence/NV_31.mp4,Non Violence
236,D:/Desk/React + Flask/Real Life Violence Dataset/train/Non Violence/NV_32.mp4,Non Violence
237,D:/Desk/React + Flask/Real Life Violence Dataset/train/Non Violence/NV_33.mp4,Non Violence
238,D:/Desk/React + Flask/Real Life Violence Dataset/train/Non Violence/NV_34.mp4,Non Violence
239,D:/Desk/React + Flask/Real Life Violence Dataset/train/Non Violence/NV_35.mp4,Non Violence
240,D:/Desk/React + Flask/Real Life Violence Dataset/train/Non Violence/NV_36.mp4,Non Violence
241,D:/Desk/React + Flask/Real Life Violence Dataset/train/Non Violence/NV_37.mp4,Non Violence
242,D:/Desk/React + Flask/Real Life Violence Dataset/train/Non Violence/NV_38.mp4,Non Violence
243,D:/Desk/React + Flask/Real Life Violence Dataset/train/Non Violence/NV_39.mp4,Non Violence
244,D:/Desk/React + Flask/Real Life Violence Dataset/train/Non Violence/NV_4.mp4,Non Violence
245,D:/Desk/React + Flask/Real Life Violence Dataset/train/Non Violence/NV_40.mp4,Non Violence
246,D:/Desk/React + Flask/Real Life Violence Dataset/train/Non Violence/NV_41.mp4,Non Violence
247,D:/Desk/React + Flask/Real Life Violence Dataset/train/Non Violence/NV_42.mp4,Non Violence
248,D:/Desk/React + Flask/Real Life Violence Dataset/train/Non Violence/NV_43.mp4,Non Violence
249,D:/Desk/React + Flask/Real Life Violence Dataset/train/Non Violence/NV_44.mp4,Non Violence
250,D:/Desk/React + Flask/Real Life Violence Dataset/train/Non Violence/NV_45.mp4,Non Violence
251,D:/Desk/React + Flask/Real Life Violence Dataset/train/Non Violence/NV_46.mp4,Non Violence
252,D:/Desk/React + Flask/Real Life Violence Dataset/train/Non Violence/NV_47.mp4,Non Violence
253,D:/Desk/React + Flask/Real Life Violence Dataset/train/Non Violence/NV_48.mp4,Non Violence
254,D:/Desk/React + Flask/Real Life Violence Dataset/train/Non Violence/NV_49.mp4,Non Violence
255,D:/Desk/React + Flask/Real Life Violence Dataset/train/Non Violence/NV_5.mp4,Non Violence
256,D:/Desk/React + Flask/Real Life Violence Dataset/train/Non Violence/NV_50.mp4,Non Violence
257,D:/Desk/React + Flask/Real Life Violence Dataset/train/Non Violence/NV_51.mp4,Non Violence
258,D:/Desk/React + Flask/Real Life Violence Dataset/train/Non Violence/NV_52.mp4,Non Violence
259,D:/Desk/React + Flask/Real Life Violence Dataset/train/Non Violence/NV_53.mp4,Non Violence
260,D:/Desk/React + Flask/Real Life Violence Dataset/train/Non Violence/NV_54.mp4,Non Violence
261,D:/Desk/React + Flask/Real Life Violence Dataset/train/Non Violence/NV_55.mp4,Non Violence
262,D:/Desk/React + Flask/Real Life Violence Dataset/train/Non Violence/NV_56.mp4,Non Violence
263,D:/Desk/React + Flask/Real Life Violence Dataset/train/Non Violence/NV_57.mp4,Non Violence
264,D:/Desk/React + Flask/Real Life Violence Dataset/train/Non Violence/NV_58.mp4,Non Violence
265,D:/Desk/React + Flask/Real Life Violence Dataset/train/Non Violence/NV_59.mp4,Non Violence
266,D:/Desk/React + Flask/Real Life Violence Dataset/train/Non Violence/NV_6.mp4,Non Violence
267,D:/Desk/React + Flask/Real Life Violence Dataset/train/Non Violence/NV_60.mp4,Non Violence
268,D:/Desk/React + Flask/Real Life Violence Dataset/train/Non Violence/NV_61.mp4,Non Violence
269,D:/Desk/React + Flask/Real Life Violence Dataset/train/Non Violence/NV_62.mp4,Non Violence
270,D:/Desk/React + Flask/Real Life Violence Dataset/train/Non Violence/NV_63.mp4,Non Violence
271,D:/Desk/React + Flask/Real Life Violence Dataset/train/Non Violence/NV_64.mp4,Non Violence
272,D:/Desk/React + Flask/Real Life Violence Dataset/train/Non Violence/NV_65.mp4,Non Violence
273,D:/Desk/React + Flask/Real Life Violence Dataset/train/Non Violence/NV_66.mp4,Non Violence
274,D:/Desk/React + Flask/Real Life Violence Dataset/train/Non Violence/NV_67.mp4,Non Violence
275,D:/Desk/React + Flask/Real Life Violence Dataset/train/Non Violence/NV_68.mp4,Non Violence
276,D:/Desk/React + Flask/Real Life Violence Dataset/train/Non Violence/NV_69.mp4,Non Violence
277,D:/Desk/React + Flask/Real Life Violence Dataset/train/Non Violence/NV_7.mp4,Non Violence
278,D:/Desk/React + Flask/Real Life Violence Dataset/train/Non Violence/NV_70.mp4,Non Violence
279,D:/Desk/React + Flask/Real Life Violence Dataset/train/Non Violence/NV_71.mp4,Non Violence
280,D:/Desk/React + Flask/Real Life Violence Dataset/train/Non Violence/NV_72.mp4,Non Violence
281,D:/Desk/React + Flask/Real Life Violence Dataset/train/Non Violence/NV_73.mp4,Non Violence
282,D:/Desk/React + Flask/Real Life Violence Dataset/train/Non Violence/NV_74.mp4,Non Violence
283,D:/Desk/React + Flask/Real Life Violence Dataset/train/Non Violence/NV_75.mp4,Non Violence
284,D:/Desk/React + Flask/Real Life Violence Dataset/train/Non Violence/NV_76.mp4,Non Violence
285,D:/Desk/React + Flask/Real Life Violence Dataset/train/Non Violence/NV_77.mp4,Non Violence
286,D:/Desk/React + Flask/Real Life Violence Dataset/train/Non Violence/NV_78.mp4,Non Violence
287,D:/Desk/React + Flask/Real Life Violence Dataset/train/Non Violence/NV_79.mp4,Non Violence
288,D:/Desk/React + Flask/Real Life Violence Dataset/train/Non Violence/NV_8.mp4,Non Violence
289,D:/Desk/React + Flask/Real Life Violence Dataset/train/Non Violence/NV_80.mp4,Non Violence
290,D:/Desk/React + Flask/Real Life Violence Dataset/train/Non Violence/NV_81.mp4,Non Violence
291,D:/Desk/React + Flask/Real Life Violence Dataset/train/Non Violence/NV_82.mp4,Non Violence
292,D:/Desk/React + Flask/Real Life Violence Dataset/train/Non Violence/NV_83.mp4,Non Violence
293,D:/Desk/React + Flask/Real Life Violence Dataset/train/Non Violence/NV_84.mp4,Non Violence
294,D:/Desk/React + Flask/Real Life Violence Dataset/train/Non Violence/NV_85.mp4,Non Violence
295,D:/Desk/React + Flask/Real Life Violence Dataset/train/Non Violence/NV_86.mp4,Non Violence
296,D:/Desk/React + Flask/Real Life Violence Dataset/train/Non Violence/NV_87.mp4,Non Violence
297,D:/Desk/React + Flask/Real Life Violence Dataset/train/Non Violence/NV_88.mp4,Non Violence
298,D:/Desk/React + Flask/Real Life Violence Dataset/train/Non Violence/NV_89.mp4,Non Violence
299,D:/Desk/React + Flask/Real Life Violence Dataset/train/Non Violence/NV_9.mp4,Non Violence
300,D:/Desk/React + Flask/Real Life Violence Dataset/train/Non Violence/NV_90.mp4,Non Violence
301,D:/Desk/React + Flask/Real Life Violence Dataset/train/Non Violence/NV_91.mp4,Non Violence
302,D:/Desk/React + Flask/Real Life Violence Dataset/train/Non Violence/NV_92.mp4,Non Violence
303,D:/Desk/React + Flask/Real Life Violence Dataset/train/Non Violence/NV_93.mp4,Non Violence
304,D:/Desk/React + Flask/Real Life Violence Dataset/train/Non Violence/NV_94.mp4,Non Violence
305,D:/Desk/React + Flask/Real Life Violence Dataset/train/Non Violence/NV_95.mp4,Non Violence
306,D:/Desk/React + Flask/Real Life Violence Dataset/train/Non Violence/NV_96.mp4,Non Violence
307,D:/Desk/React + Flask/Real Life Violence Dataset/train/Non Violence/NV_97.mp4,Non Violence
308,D:/Desk/React + Flask/Real Life Violence Dataset/train/Non Violence/NV_98.mp4,Non Violence
309,D:/Desk/React + Flask/Real Life Violence Dataset/train/Non Violence/NV_99.mp4,Non Violence
310,D:/Desk/React + Flask/Real Life Violence Dataset/train/Violence/V-10.mp4,Violence
311,D:/Desk/React + Flask/Real Life Violence Dataset/train/Violence/V-11.mp4,Violence
312,D:/Desk/React + Flask/Real Life Violence Dataset/train/Violence/V-4.mp4,Violence
313,D:/Desk/React + Flask/Real Life Violence Dataset/train/Violence/V-5.mp4,Violence
314,D:/Desk/React + Flask/Real Life Violence Dataset/train/Violence/V-6.mp4,Violence
315,D:/Desk/React + Flask/Real Life Violence Dataset/train/Violence/V-7.mp4,Violence
316,D:/Desk/React + Flask/Real Life Violence Dataset/train/Violence/V-8.mp4,Violence
317,D:/Desk/React + Flask/Real Life Violence Dataset/train/Violence/V-9.mp4,Violence
318,D:/Desk/React + Flask/Real Life Violence Dataset/train/Violence/V_1.mp4,Violence
319,D:/Desk/React + Flask/Real Life Violence Dataset/train/Violence/V_10.mp4,Violence
320,D:/Desk/React + Flask/Real Life Violence Dataset/train/Violence/V_100.mp4,Violence
321,D:/Desk/React + Flask/Real Life Violence Dataset/train/Violence/V_101.mp4,Violence
322,D:/Desk/React + Flask/Real Life Violence Dataset/train/Violence/V_102.mp4,Violence
323,D:/Desk/React + Flask/Real Life Violence Dataset/train/Violence/V_103.mp4,Violence
324,D:/Desk/React + Flask/Real Life Violence Dataset/train/Violence/V_104.mp4,Violence
325,D:/Desk/React + Flask/Real Life Violence Dataset/train/Violence/V_105.mp4,Violence
326,D:/Desk/React + Flask/Real Life Violence Dataset/train/Violence/V_106.mp4,Violence
327,D:/Desk/React + Flask/Real Life Violence Dataset/train/Violence/V_107.mp4,Violence
328,D:/Desk/React + Flask/Real Life Violence Dataset/train/Violence/V_108.mp4,Violence
329,D:/Desk/React + Flask/Real Life Violence Dataset/train/Violence/V_109.mp4,Violence
330,D:/Desk/React + Flask/Real Life Violence Dataset/train/Violence/V_11.mp4,Violence
331,D:/Desk/React + Flask/Real Life Violence Dataset/train/Violence/V_110.mp4,Violence
332,D:/Desk/React + Flask/Real Life Violence Dataset/train/Violence/V_111.mp4,Violence
333,D:/Desk/React + Flask/Real Life Violence Dataset/train/Violence/V_112.mp4,Violence
334,D:/Desk/React + Flask/Real Life Violence Dataset/train/Violence/V_113.mp4,Violence
335,D:/Desk/React + Flask/Real Life Violence Dataset/train/Violence/V_114.mp4,Violence
336,D:/Desk/React + Flask/Real Life Violence Dataset/train/Violence/V_115.mp4,Violence
337,D:/Desk/React + Flask/Real Life Violence Dataset/train/Violence/V_116.mp4,Violence
338,D:/Desk/React + Flask/Real Life Violence Dataset/train/Violence/V_117.mp4,Violence
339,D:/Desk/React + Flask/Real Life Violence Dataset/train/Violence/V_118.mp4,Violence
340,D:/Desk/React + Flask/Real Life Violence Dataset/train/Violence/V_119.mp4,Violence
341,D:/Desk/React + Flask/Real Life Violence Dataset/train/Violence/V_12.mp4,Violence
342,D:/Desk/React + Flask/Real Life Violence Dataset/train/Violence/V_120.mp4,Violence
343,D:/Desk/React + Flask/Real Life Violence Dataset/train/Violence/V_121.mp4,Violence
344,D:/Desk/React + Flask/Real Life Violence Dataset/train/Violence/V_122.mp4,Violence
345,D:/Desk/React + Flask/Real Life Violence Dataset/train/Violence/V_123.mp4,Violence
346,D:/Desk/React + Flask/Real Life Violence Dataset/train/Violence/V_124.mp4,Violence
347,D:/Desk/React + Flask/Real Life Violence Dataset/train/Violence/V_125.mp4,Violence
348,D:/Desk/React + Flask/Real Life Violence Dataset/train/Violence/V_126.mp4,Violence
349,D:/Desk/React + Flask/Real Life Violence Dataset/train/Violence/V_127.mp4,Violence
350,D:/Desk/React + Flask/Real Life Violence Dataset/train/Violence/V_128.mp4,Violence
351,D:/Desk/React + Flask/Real Life Violence Dataset/train/Violence/V_129.mp4,Violence
352,D:/Desk/React + Flask/Real Life Violence Dataset/train/Violence/V_13.mp4,Violence
353,D:/Desk/React + Flask/Real Life Violence Dataset/train/Violence/V_130.mp4,Violence
354,D:/Desk/React + Flask/Real Life Violence Dataset/train/Violence/V_131.mp4,Violence
355,D:/Desk/React + Flask/Real Life Violence Dataset/train/Violence/V_132.mp4,Violence
356,D:/Desk/React + Flask/Real Life Violence Dataset/train/Violence/V_133.mp4,Violence
357,D:/Desk/React + Flask/Real Life Violence Dataset/train/Violence/V_134.mp4,Violence
358,D:/Desk/React + Flask/Real Life Violence Dataset/train/Violence/V_135.mp4,Violence
359,D:/Desk/React + Flask/Real Life Violence Dataset/train/Violence/V_136.mp4,Violence
360,D:/Desk/React + Flask/Real Life Violence Dataset/train/Violence/V_137.mp4,Violence
361,D:/Desk/React + Flask/Real Life Violence Dataset/train/Violence/V_138.mp4,Violence
362,D:/Desk/React + Flask/Real Life Violence Dataset/train/Violence/V_139.mp4,Violence
363,D:/Desk/React + Flask/Real Life Violence Dataset/train/Violence/V_14.mp4,Violence
364,D:/Desk/React + Flask/Real Life Violence Dataset/train/Violence/V_140.mp4,Violence
365,D:/Desk/React + Flask/Real Life Violence Dataset/train/Violence/V_141.mp4,Violence
366,D:/Desk/React + Flask/Real Life Violence Dataset/train/Violence/V_142.mp4,Violence
367,D:/Desk/React + Flask/Real Life Violence Dataset/train/Violence/V_143.mp4,Violence
368,D:/Desk/React + Flask/Real Life Violence Dataset/train/Violence/V_144.mp4,Violence
369,D:/Desk/React + Flask/Real Life Violence Dataset/train/Violence/V_145.mp4,Violence
370,D:/Desk/React + Flask/Real Life Violence Dataset/train/Violence/V_146.mp4,Violence
371,D:/Desk/React + Flask/Real Life Violence Dataset/train/Violence/V_147.mp4,Violence
372,D:/Desk/React + Flask/Real Life Violence Dataset/train/Violence/V_148.mp4,Violence
373,D:/Desk/React + Flask/Real Life Violence Dataset/train/Violence/V_149.mp4,Violence
374,D:/Desk/React + Flask/Real Life Violence Dataset/train/Violence/V_15.mp4,Violence
375,D:/Desk/React + Flask/Real Life Violence Dataset/train/Violence/V_150.mp4,Violence
376,D:/Desk/React + Flask/Real Life Violence Dataset/train/Violence/V_151.mp4,Violence
377,D:/Desk/React + Flask/Real Life Violence Dataset/train/Violence/V_152.mp4,Violence
378,D:/Desk/React + Flask/Real Life Violence Dataset/train/Violence/V_153.mp4,Violence
379,D:/Desk/React + Flask/Real Life Violence Dataset/train/Violence/V_154.mp4,Violence
380,D:/Desk/React + Flask/Real Life Violence Dataset/train/Violence/V_155.mp4,Violence
381,D:/Desk/React + Flask/Real Life Violence Dataset/train/Violence/V_156.mp4,Violence
382,D:/Desk/React + Flask/Real Life Violence Dataset/train/Violence/V_157.mp4,Violence
383,D:/Desk/React + Flask/Real Life Violence Dataset/train/Violence/V_158.mp4,Violence
384,D:/Desk/React + Flask/Real Life Violence Dataset/train/Violence/V_159.mp4,Violence
385,D:/Desk/React + Flask/Real Life Violence Dataset/train/Violence/V_16.mp4,Violence
386,D:/Desk/React + Flask/Real Life Violence Dataset/train/Violence/V_160.mp4,Violence
387,D:/Desk/React + Flask/Real Life Violence Dataset/train/Violence/V_161.mp4,Violence
388,D:/Desk/React + Flask/Real Life Violence Dataset/train/Violence/V_162.mp4,Violence
389,D:/Desk/React + Flask/Real Life Violence Dataset/train/Violence/V_163.mp4,Violence
390,D:/Desk/React + Flask/Real Life Violence Dataset/train/Violence/V_164.mp4,Violence
391,D:/Desk/React + Flask/Real Life Violence Dataset/train/Violence/V_165.mp4,Violence
392,D:/Desk/React + Flask/Real Life Violence Dataset/train/Violence/V_166.mp4,Violence
393,D:/Desk/React + Flask/Real Life Violence Dataset/train/Violence/V_167.mp4,Violence
394,D:/Desk/React + Flask/Real Life Violence Dataset/train/Violence/V_168.mp4,Violence
395,D:/Desk/React + Flask/Real Life Violence Dataset/train/Violence/V_169.mp4,Violence
396,D:/Desk/React + Flask/Real Life Violence Dataset/train/Violence/V_17.mp4,Violence
397,D:/Desk/React + Flask/Real Life Violence Dataset/train/Violence/V_170.mp4,Violence
398,D:/Desk/React + Flask/Real Life Violence Dataset/train/Violence/V_171.mp4,Violence
399,D:/Desk/React + Flask/Real Life Violence Dataset/train/Violence/V_172.mp4,Violence
400,D:/Desk/React + Flask/Real Life Violence Dataset/train/Violence/V_173.mp4,Violence
401,D:/Desk/React + Flask/Real Life Violence Dataset/train/Violence/V_174.mp4,Violence
402,D:/Desk/React + Flask/Real Life Violence Dataset/train/Violence/V_175.mp4,Violence
403,D:/Desk/React + Flask/Real Life Violence Dataset/train/Violence/V_176.mp4,Violence
404,D:/Desk/React + Flask/Real Life Violence Dataset/train/Violence/V_177.mp4,Violence
405,D:/Desk/React + Flask/Real Life Violence Dataset/train/Violence/V_178.mp4,Violence
406,D:/Desk/React + Flask/Real Life Violence Dataset/train/Violence/V_179.mp4,Violence
407,D:/Desk/React + Flask/Real Life Violence Dataset/train/Violence/V_18.mp4,Violence
408,D:/Desk/React + Flask/Real Life Violence Dataset/train/Violence/V_180.mp4,Violence
409,D:/Desk/React + Flask/Real Life Violence Dataset/train/Violence/V_181.mp4,Violence
410,D:/Desk/React + Flask/Real Life Violence Dataset/train/Violence/V_182.mp4,Violence
411,D:/Desk/React + Flask/Real Life Violence Dataset/train/Violence/V_183.mp4,Violence
412,D:/Desk/React + Flask/Real Life Violence Dataset/train/Violence/V_184.mp4,Violence
413,D:/Desk/React + Flask/Real Life Violence Dataset/train/Violence/V_185.mp4,Violence
414,D:/Desk/React + Flask/Real Life Violence Dataset/train/Violence/V_186.mp4,Violence
415,D:/Desk/React + Flask/Real Life Violence Dataset/train/Violence/V_187.mp4,Violence
416,D:/Desk/React + Flask/Real Life Violence Dataset/train/Violence/V_188.mp4,Violence
417,D:/Desk/React + Flask/Real Life Violence Dataset/train/Violence/V_189.mp4,Violence
418,D:/Desk/React + Flask/Real Life Violence Dataset/train/Violence/V_19.mp4,Violence
419,D:/Desk/React + Flask/Real Life Violence Dataset/train/Violence/V_190.mp4,Violence
420,D:/Desk/React + Flask/Real Life Violence Dataset/train/Violence/V_191.mp4,Violence
421,D:/Desk/React + Flask/Real Life Violence Dataset/train/Violence/V_192.mp4,Violence
422,D:/Desk/React + Flask/Real Life Violence Dataset/train/Violence/V_193.mp4,Violence
423,D:/Desk/React + Flask/Real Life Violence Dataset/train/Violence/V_194.mp4,Violence
424,D:/Desk/React + Flask/Real Life Violence Dataset/train/Violence/V_195.mp4,Violence
425,D:/Desk/React + Flask/Real Life Violence Dataset/train/Violence/V_196.mp4,Violence
426,D:/Desk/React + Flask/Real Life Violence Dataset/train/Violence/V_197.mp4,Violence
427,D:/Desk/React + Flask/Real Life Violence Dataset/train/Violence/V_198.mp4,Violence
428,D:/Desk/React + Flask/Real Life Violence Dataset/train/Violence/V_199.mp4,Violence
429,D:/Desk/React + Flask/Real Life Violence Dataset/train/Violence/V_2.mp4,Violence
430,D:/Desk/React + Flask/Real Life Violence Dataset/train/Violence/V_20.mp4,Violence
431,D:/Desk/React + Flask/Real Life Violence Dataset/train/Violence/V_200.mp4,Violence
432,D:/Desk/React + Flask/Real Life Violence Dataset/train/Violence/V_201.mp4,Violence
433,D:/Desk/React + Flask/Real Life Violence Dataset/train/Violence/V_202.mp4,Violence
434,D:/Desk/React + Flask/Real Life Violence Dataset/train/Violence/V_203.mp4,Violence
435,D:/Desk/React + Flask/Real Life Violence Dataset/train/Violence/V_204.mp4,Violence
436,D:/Desk/React + Flask/Real Life Violence Dataset/train/Violence/V_205.mp4,Violence
437,D:/Desk/React + Flask/Real Life Violence Dataset/train/Violence/V_206.mp4,Violence
438,D:/Desk/React + Flask/Real Life Violence Dataset/train/Violence/V_207.mp4,Violence
439,D:/Desk/React + Flask/Real Life Violence Dataset/train/Violence/V_208.mp4,Violence
440,D:/Desk/React + Flask/Real Life Violence Dataset/train/Violence/V_209.mp4,Violence
441,D:/Desk/React + Flask/Real Life Violence Dataset/train/Violence/V_21.mp4,Violence
442,D:/Desk/React + Flask/Real Life Violence Dataset/train/Violence/V_210.mp4,Violence
443,D:/Desk/React + Flask/Real Life Violence Dataset/train/Violence/V_211.mp4,Violence
444,D:/Desk/React + Flask/Real Life Violence Dataset/train/Violence/V_212.mp4,Violence
445,D:/Desk/React + Flask/Real Life Violence Dataset/train/Violence/V_213.mp4,Violence
446,D:/Desk/React + Flask/Real Life Violence Dataset/train/Violence/V_214.mp4,Violence
447,D:/Desk/React + Flask/Real Life Violence Dataset/train/Violence/V_215.mp4,Violence
448,D:/Desk/React + Flask/Real Life Violence Dataset/train/Violence/V_216.mp4,Violence
449,D:/Desk/React + Flask/Real Life Violence Dataset/train/Violence/V_217.mp4,Violence
450,D:/Desk/React + Flask/Real Life Violence Dataset/train/Violence/V_218.mp4,Violence
451,D:/Desk/React + Flask/Real Life Violence Dataset/train/Violence/V_219.mp4,Violence
452,D:/Desk/React + Flask/Real Life Violence Dataset/train/Violence/V_22.mp4,Violence
453,D:/Desk/React + Flask/Real Life Violence Dataset/train/Violence/V_220.mp4,Violence
454,D:/Desk/React + Flask/Real Life Violence Dataset/train/Violence/V_221.mp4,Violence
455,D:/Desk/React + Flask/Real Life Violence Dataset/train/Violence/V_222.mp4,Violence
456,D:/Desk/React + Flask/Real Life Violence Dataset/train/Violence/V_223.mp4,Violence
457,D:/Desk/React + Flask/Real Life Violence Dataset/train/Violence/V_224.mp4,Violence
458,D:/Desk/React + Flask/Real Life Violence Dataset/train/Violence/V_225.mp4,Violence
459,D:/Desk/React + Flask/Real Life Violence Dataset/train/Violence/V_226.mp4,Violence
460,D:/Desk/React + Flask/Real Life Violence Dataset/train/Violence/V_227.mp4,Violence
461,D:/Desk/React + Flask/Real Life Violence Dataset/train/Violence/V_228.mp4,Violence
462,D:/Desk/React + Flask/Real Life Violence Dataset/train/Violence/V_229.mp4,Violence
463,D:/Desk/React + Flask/Real Life Violence Dataset/train/Violence/V_23.mp4,Violence
464,D:/Desk/React + Flask/Real Life Violence Dataset/train/Violence/V_230.mp4,Violence
465,D:/Desk/React + Flask/Real Life Violence Dataset/train/Violence/V_231.mp4,Violence
466,D:/Desk/React + Flask/Real Life Violence Dataset/train/Violence/V_232.mp4,Violence
467,D:/Desk/React + Flask/Real Life Violence Dataset/train/Violence/V_233.mp4,Violence
468,D:/Desk/React + Flask/Real Life Violence Dataset/train/Violence/V_234.mp4,Violence
469,D:/Desk/React + Flask/Real Life Violence Dataset/train/Violence/V_235.mp4,Violence
470,D:/Desk/React + Flask/Real Life Violence Dataset/train/Violence/V_236.mp4,Violence
471,D:/Desk/React + Flask/Real Life Violence Dataset/train/Violence/V_237.mp4,Violence
472,D:/Desk/React + Flask/Real Life Violence Dataset/train/Violence/V_238.mp4,Violence
473,D:/Desk/React + Flask/Real Life Violence Dataset/train/Violence/V_239.mp4,Violence
474,D:/Desk/React + Flask/Real Life Violence Dataset/train/Violence/V_24.mp4,Violence
475,D:/Desk/React + Flask/Real Life Violence Dataset/train/Violence/V_240.mp4,Violence
476,D:/Desk/React + Flask/Real Life Violence Dataset/train/Violence/V_241.mp4,Violence
477,D:/Desk/React + Flask/Real Life Violence Dataset/train/Violence/V_242.mp4,Violence
478,D:/Desk/React + Flask/Real Life Violence Dataset/train/Violence/V_243.mp4,Violence
479,D:/Desk/React + Flask/Real Life Violence Dataset/train/Violence/V_244.mp4,Violence
480,D:/Desk/React + Flask/Real Life Violence Dataset/train/Violence/V_245.mp4,Violence
481,D:/Desk/React + Flask/Real Life Violence Dataset/train/Violence/V_246.mp4,Violence
482,D:/Desk/React + Flask/Real Life Violence Dataset/train/Violence/V_247.mp4,Violence
483,D:/Desk/React + Flask/Real Life Violence Dataset/train/Violence/V_248.mp4,Violence
484,D:/Desk/React + Flask/Real Life Violence Dataset/train/Violence/V_249.mp4,Violence
485,D:/Desk/React + Flask/Real Life Violence Dataset/train/Violence/V_25.mp4,Violence
486,D:/Desk/React + Flask/Real Life Violence Dataset/train/Violence/V_250.mp4,Violence
487,D:/Desk/React + Flask/Real Life Violence Dataset/train/Violence/V_251.mp4,Violence
488,D:/Desk/React + Flask/Real Life Violence Dataset/train/Violence/V_252.mp4,Violence
489,D:/Desk/React + Flask/Real Life Violence Dataset/train/Violence/V_253.mp4,Violence
490,D:/Desk/React + Flask/Real Life Violence Dataset/train/Violence/V_254.mp4,Violence
491,D:/Desk/React + Flask/Real Life Violence Dataset/train/Violence/V_255.mp4,Violence
492,D:/Desk/React + Flask/Real Life Violence Dataset/train/Violence/V_256.mp4,Violence
493,D:/Desk/React + Flask/Real Life Violence Dataset/train/Violence/V_257.mp4,Violence
494,D:/Desk/React + Flask/Real Life Violence Dataset/train/Violence/V_258.mp4,Violence
495,D:/Desk/React + Flask/Real Life Violence Dataset/train/Violence/V_259.mp4,Violence
496,D:/Desk/React + Flask/Real Life Violence Dataset/train/Violence/V_26.mp4,Violence
497,D:/Desk/React + Flask/Real Life Violence Dataset/train/Violence/V_260.mp4,Violence
498,D:/Desk/React + Flask/Real Life Violence Dataset/train/Violence/V_261.mp4,Violence
499,D:/Desk/React + Flask/Real Life Violence Dataset/train/Violence/V_262.mp4,Violence
500,D:/Desk/React + Flask/Real Life Violence Dataset/train/Violence/V_263.mp4,Violence
501,D:/Desk/React + Flask/Real Life Violence Dataset/train/Violence/V_264.mp4,Violence
502,D:/Desk/React + Flask/Real Life Violence Dataset/train/Violence/V_265.mp4,Violence
503,D:/Desk/React + Flask/Real Life Violence Dataset/train/Violence/V_266.mp4,Violence
504,D:/Desk/React + Flask/Real Life Violence Dataset/train/Violence/V_267.mp4,Violence
505,D:/Desk/React + Flask/Real Life Violence Dataset/train/Violence/V_268.mp4,Violence
506,D:/Desk/React + Flask/Real Life Violence Dataset/train/Violence/V_269.mp4,Violence
507,D:/Desk/React + Flask/Real Life Violence Dataset/train/Violence/V_27.mp4,Violence
508,D:/Desk/React + Flask/Real Life Violence Dataset/train/Violence/V_270.mp4,Violence
509,D:/Desk/React + Flask/Real Life Violence Dataset/train/Violence/V_271.mp4,Violence
510,D:/Desk/React + Flask/Real Life Violence Dataset/train/Violence/V_272.mp4,Violence
511,D:/Desk/React + Flask/Real Life Violence Dataset/train/Violence/V_273.mp4,Violence
512,D:/Desk/React + Flask/Real Life Violence Dataset/train/Violence/V_274.mp4,Violence
513,D:/Desk/React + Flask/Real Life Violence Dataset/train/Violence/V_275.mp4,Violence
514,D:/Desk/React + Flask/Real Life Violence Dataset/train/Violence/V_276.mp4,Violence
515,D:/Desk/React + Flask/Real Life Violence Dataset/train/Violence/V_277.mp4,Violence
516,D:/Desk/React + Flask/Real Life Violence Dataset/train/Violence/V_278.mp4,Violence
517,D:/Desk/React + Flask/Real Life Violence Dataset/train/Violence/V_279.mp4,Violence
518,D:/Desk/React + Flask/Real Life Violence Dataset/train/Violence/V_28.mp4,Violence
519,D:/Desk/React + Flask/Real Life Violence Dataset/train/Violence/V_280.mp4,Violence
520,D:/Desk/React + Flask/Real Life Violence Dataset/train/Violence/V_281.mp4,Violence
521,D:/Desk/React + Flask/Real Life Violence Dataset/train/Violence/V_282.mp4,Violence
522,D:/Desk/React + Flask/Real Life Violence Dataset/train/Violence/V_283.mp4,Violence
523,D:/Desk/React + Flask/Real Life Violence Dataset/train/Violence/V_284.mp4,Violence
524,D:/Desk/React + Flask/Real Life Violence Dataset/train/Violence/V_285.mp4,Violence
525,D:/Desk/React + Flask/Real Life Violence Dataset/train/Violence/V_286.mp4,Violence
526,D:/Desk/React + Flask/Real Life Violence Dataset/train/Violence/V_287.mp4,Violence
527,D:/Desk/React + Flask/Real Life Violence Dataset/train/Violence/V_288.mp4,Violence
528,D:/Desk/React + Flask/Real Life Violence Dataset/train/Violence/V_289.mp4,Violence
529,D:/Desk/React + Flask/Real Life Violence Dataset/train/Violence/V_29.mp4,Violence
530,D:/Desk/React + Flask/Real Life Violence Dataset/train/Violence/V_290.mp4,Violence
531,D:/Desk/React + Flask/Real Life Violence Dataset/train/Violence/V_291.mp4,Violence
532,D:/Desk/React + Flask/Real Life Violence Dataset/train/Violence/V_292.mp4,Violence
533,D:/Desk/React + Flask/Real Life Violence Dataset/train/Violence/V_293.mp4,Violence
534,D:/Desk/React + Flask/Real Life Violence Dataset/train/Violence/V_294.mp4,Violence
535,D:/Desk/React + Flask/Real Life Violence Dataset/train/Violence/V_295.mp4,Violence
536,D:/Desk/React + Flask/Real Life Violence Dataset/train/Violence/V_296.mp4,Violence
537,D:/Desk/React + Flask/Real Life Violence Dataset/train/Violence/V_297.mp4,Violence
538,D:/Desk/React + Flask/Real Life Violence Dataset/train/Violence/V_298.mp4,Violence
539,D:/Desk/React + Flask/Real Life Violence Dataset/train/Violence/V_299.mp4,Violence
540,D:/Desk/React + Flask/Real Life Violence Dataset/train/Violence/V_3.mp4,Violence
541,D:/Desk/React + Flask/Real Life Violence Dataset/train/Violence/V_30.mp4,Violence
542,D:/Desk/React + Flask/Real Life Violence Dataset/train/Violence/V_300.mp4,Violence
543,D:/Desk/React + Flask/Real Life Violence Dataset/train/Violence/V_31.mp4,Violence
544,D:/Desk/React + Flask/Real Life Violence Dataset/train/Violence/V_32.mp4,Violence
545,D:/Desk/React + Flask/Real Life Violence Dataset/train/Violence/V_33.mp4,Violence
546,D:/Desk/React + Flask/Real Life Violence Dataset/train/Violence/V_34.mp4,Violence
547,D:/Desk/React + Flask/Real Life Violence Dataset/train/Violence/V_35.mp4,Violence
548,D:/Desk/React + Flask/Real Life Violence Dataset/train/Violence/V_36.mp4,Violence
549,D:/Desk/React + Flask/Real Life Violence Dataset/train/Violence/V_37.mp4,Violence
550,D:/Desk/React + Flask/Real Life Violence Dataset/train/Violence/V_38.mp4,Violence
551,D:/Desk/React + Flask/Real Life Violence Dataset/train/Violence/V_39.mp4,Violence
552,D:/Desk/React + Flask/Real Life Violence Dataset/train/Violence/V_4.mp4,Violence
553,D:/Desk/React + Flask/Real Life Violence Dataset/train/Violence/V_40.mp4,Violence
554,D:/Desk/React + Flask/Real Life Violence Dataset/train/Violence/V_41.mp4,Violence
555,D:/Desk/React + Flask/Real Life Violence Dataset/train/Violence/V_42.mp4,Violence
556,D:/Desk/React + Flask/Real Life Violence Dataset/train/Violence/V_43.mp4,Violence
557,D:/Desk/React + Flask/Real Life Violence Dataset/train/Violence/V_44.mp4,Violence
558,D:/Desk/React + Flask/Real Life Violence Dataset/train/Violence/V_45.mp4,Violence
559,D:/Desk/React + Flask/Real Life Violence Dataset/train/Violence/V_46.mp4,Violence
560,D:/Desk/React + Flask/Real Life Violence Dataset/train/Violence/V_47.mp4,Violence
561,D:/Desk/React + Flask/Real Life Violence Dataset/train/Violence/V_48.mp4,Violence
562,D:/Desk/React + Flask/Real Life Violence Dataset/train/Violence/V_49.mp4,Violence
563,D:/Desk/React + Flask/Real Life Violence Dataset/train/Violence/V_5.mp4,Violence
564,D:/Desk/React + Flask/Real Life Violence Dataset/train/Violence/V_50.mp4,Violence
565,D:/Desk/React + Flask/Real Life Violence Dataset/train/Violence/V_51.mp4,Violence
566,D:/Desk/React + Flask/Real Life Violence Dataset/train/Violence/V_52.mp4,Violence
567,D:/Desk/React + Flask/Real Life Violence Dataset/train/Violence/V_53.mp4,Violence
568,D:/Desk/React + Flask/Real Life Violence Dataset/train/Violence/V_54.mp4,Violence
569,D:/Desk/React + Flask/Real Life Violence Dataset/train/Violence/V_55.mp4,Violence
570,D:/Desk/React + Flask/Real Life Violence Dataset/train/Violence/V_56.mp4,Violence
571,D:/Desk/React + Flask/Real Life Violence Dataset/train/Violence/V_57.mp4,Violence
572,D:/Desk/React + Flask/Real Life Violence Dataset/train/Violence/V_58.mp4,Violence
573,D:/Desk/React + Flask/Real Life Violence Dataset/train/Violence/V_59.mp4,Violence
574,D:/Desk/React + Flask/Real Life Violence Dataset/train/Violence/V_6.mp4,Violence
575,D:/Desk/React + Flask/Real Life Violence Dataset/train/Violence/V_60.mp4,Violence
576,D:/Desk/React + Flask/Real Life Violence Dataset/train/Violence/V_61.mp4,Violence
577,D:/Desk/React + Flask/Real Life Violence Dataset/train/Violence/V_62.mp4,Violence
578,D:/Desk/React + Flask/Real Life Violence Dataset/train/Violence/V_63.mp4,Violence
579,D:/Desk/React + Flask/Real Life Violence Dataset/train/Violence/V_64.mp4,Violence
580,D:/Desk/React + Flask/Real Life Violence Dataset/train/Violence/V_65.mp4,Violence
581,D:/Desk/React + Flask/Real Life Violence Dataset/train/Violence/V_66.mp4,Violence
582,D:/Desk/React + Flask/Real Life Violence Dataset/train/Violence/V_67.mp4,Violence
583,D:/Desk/React + Flask/Real Life Violence Dataset/train/Violence/V_68.mp4,Violence
584,D:/Desk/React + Flask/Real Life Violence Dataset/train/Violence/V_69.mp4,Violence
585,D:/Desk/React + Flask/Real Life Violence Dataset/train/Violence/V_7.mp4,Violence
586,D:/Desk/React + Flask/Real Life Violence Dataset/train/Violence/V_70.mp4,Violence
587,D:/Desk/React + Flask/Real Life Violence Dataset/train/Violence/V_71.mp4,Violence
588,D:/Desk/React + Flask/Real Life Violence Dataset/train/Violence/V_72.mp4,Violence
589,D:/Desk/React + Flask/Real Life Violence Dataset/train/Violence/V_73.mp4,Violence
590,D:/Desk/React + Flask/Real Life Violence Dataset/train/Violence/V_74.mp4,Violence
591,D:/Desk/React + Flask/Real Life Violence Dataset/train/Violence/V_75.mp4,Violence
592,D:/Desk/React + Flask/Real Life Violence Dataset/train/Violence/V_76.mp4,Violence
593,D:/Desk/React + Flask/Real Life Violence Dataset/train/Violence/V_77.mp4,Violence
594,D:/Desk/React + Flask/Real Life Violence Dataset/train/Violence/V_78.mp4,Violence
595,D:/Desk/React + Flask/Real Life Violence Dataset/train/Violence/V_79.mp4,Violence
596,D:/Desk/React + Flask/Real Life Violence Dataset/train/Violence/V_8.mp4,Violence
597,D:/Desk/React + Flask/Real Life Violence Dataset/train/Violence/V_80.mp4,Violence
598,D:/Desk/React + Flask/Real Life Violence Dataset/train/Violence/V_81.mp4,Violence
599,D:/Desk/React + Flask/Real Life Violence Dataset/train/Violence/V_82.mp4,Violence
600,D:/Desk/React + Flask/Real Life Violence Dataset/train/Violence/V_83.mp4,Violence
601,D:/Desk/React + Flask/Real Life Violence Dataset/train/Violence/V_84.mp4,Violence
602,D:/Desk/React + Flask/Real Life Violence Dataset/train/Violence/V_85.mp4,Violence
603,D:/Desk/React + Flask/Real Life Violence Dataset/train/Violence/V_86.mp4,Violence
604,D:/Desk/React + Flask/Real Life Violence Dataset/train/Violence/V_87.mp4,Violence
605,D:/Desk/React + Flask/Real Life Violence Dataset/train/Violence/V_88.mp4,Violence
606,D:/Desk/React + Flask/Real Life Violence Dataset/train/Violence/V_89.mp4,Violence
607,D:/Desk/React + Flask/Real Life Violence Dataset/train/Violence/V_9.mp4,Violence
608,D:/Desk/React + Flask/Real Life Violence Dataset/train/Violence/V_90.mp4,Violence
609,D:/Desk/React + Flask/Real Life Violence Dataset/train/Violence/V_91.mp4,Violence
610,D:/Desk/React + Flask/Real Life Violence Dataset/train/Violence/V_92.mp4,Violence
611,D:/Desk/React + Flask/Real Life Violence Dataset/train/Violence/V_93.mp4,Violence
612,D:/Desk/React + Flask/Real Life Violence Dataset/train/Violence/V_94.mp4,Violence
613,D:/Desk/React + Flask/Real Life Violence Dataset/train/Violence/V_95.mp4,Violence
614,D:/Desk/React + Flask/Real Life Violence Dataset/train/Violence/V_96.mp4,Violence
615,D:/Desk/React + Flask/Real Life Violence Dataset/train/Violence/V_97.mp4,Violence
616,D:/Desk/React + Flask/Real Life Violence Dataset/train/Violence/V_98.mp4,Violence
617,D:/Desk/React + Flask/Real Life Violence Dataset/train/Violence/V_99.mp4,Violence
